<?xml version="1.0" encoding="utf-8"?>
<extension type="component" version="5.0" method="upgrade" client="administrator">
    <name>com_smaiwriter</name>
    <title>SM AI Writer</title>
    <version>1.0.0</version>
    <author>SmUzi Studio</author>
    <creationDate>2025-01-01</creationDate>
    <description>AI‑Writer: генератор статей для Joomla с интеграцией Яндекс GPT</description>

    <!-- Скрипт установки/обновления (опционально) -->
    <scriptfile>script.php</scriptfile>

    <administration>
        <menu>SM AI Writer</menu>

        <!-- Файлы компонента -->
        <files>
            <filename>com_smaiwriter.xml</filename>
            <filename>smaiwriter.php</filename>
            <folder>services</folder>
            <folder>sql</folder>
            <folder>src</folder>
            <folder>language</folder>
        </files>
    </administration>
</extension>